Total Reviews,Product Url,ASIN,Title,Author,Format,Publication Date,Publisher
0,https://www.amazon.com/dp/3030394875,3030394875,Engagement of Intercultural Project Customers: A Relational Model (Contributions to Management Science),Patrick Lückmann,Kindle,"Feb 28, 2021",
0,https://www.amazon.com/dp/1799868648,1799868648,"Insights, Innovation, and Analytics for Optimal Customer Engagement (Advances in Marketing, Customer Relationship Management, and E-services)",Samala Nagaraj,Hardcover,"Feb 22, 2021",
0,https://www.amazon.com/dp/7467044100,7467044100,"Client Record Book: 120 Customers Full Page, New And Improved Design, Alphabetical Order, Great Gift For All Small Business Owners, Abstract Cover",Milliie Zoes,Paperback,"Feb 16, 2021",
0,https://www.amazon.com/dp/B08WV27PYX,B08WV27PYX,"Personalized Writing Notebook Journal for Zariah Name Flowers Color Cover: A4, 21.59 x 27.94 cm, 8.5 x 11 inch, Over 110 Pages, To Do, Journal, Budget, Passion, Money, Journal",Shelley Castaneda,Paperback,"Feb 15, 2021",
0,https://www.amazon.com/dp/3030350533,3030350533,Eurasian Business Perspectives: Proceedings of the 25th Eurasia Business and Economics Society Conference (Eurasian Studies in Business and Economics),Mehmet Huseyin Bilgin,Kindle,"Feb 11, 2021",
0,https://www.amazon.com/dp/B08XN7J1RB,B08XN7J1RB,Dot To Dot Mindfulness: A unique activity book for hand mind coordination in children and adults | Art for anxiety and stress,Ramya Srinivasan,Kindle,"Feb 28, 2021",
0,https://www.amazon.com/dp/1938281845,1938281845,Inside Out Yoga,Sandra K,Kindle,"Feb 28, 2021",
2,https://www.amazon.com/dp/1982263083,1982263083,Healthy Sense of Self: The Secret to Being Your Best Self (Revised Edition),0 Antoinetta 0 Vogels 0,Kindle,"Feb 28, 2021",
0,https://www.amazon.com/dp/9813366281,9813366281,Social Unrest and the Poverty Problem in Hong Kong: Growth Imbalance and Sustainable Development,Paul Siu Fai Yip,Kindle,"Feb 28, 2021",
0,https://www.amazon.com/dp/B08XWYWXKD,B08XWYWXKD,Pineapple With Sunglasses: Pineapple Sunglasses Kids Notebook. Gold Pineapple Gifts. Blank Recipe Book To Write In Your Own Recipes. Pineapple Composition Notebook.,Eugene Carew,Paperback,"Feb 28, 2021",
0,https://www.amazon.com/dp/B08XVFKZ34,B08XVFKZ34,"Living the Dream: A 6”x9” personalized name journal notebook with inspirational and motivational quote for women, girls, and LGBTQ, with colourful ... a gift to use as a diary composition notepad",Rainbow Press Notebooks,Paperback,"Feb 28, 2021",
4,https://www.amazon.com/dp/B08XS7KZ2Q,B08XS7KZ2Q,Single And Developed: A Masterpiece Takes Time and Patience,Darlene  A Land,Kindle,"Feb 28, 2021",
0,https://www.amazon.com/dp/B08XH2JQFH,B08XH2JQFH,MEMORIES OF MILTON: A Big Man with A Big Heart,Family and Friends,Kindle,"Feb 28, 2021",
0,https://www.amazon.com/dp/5543672780,5543672780,"Five Year Planner 2021-2025: Plan and Organize your Time, 60 Months Calendar",Allana Kaaya,Paperback,"Feb 28, 2021",
0,https://www.amazon.com/dp/1955059039,1955059039,365 Days of Happiness - Because happiness is a piece of cake: The Special Edition: A day-by-day guide to being happy,Jacqueline Pirtle,Paperback,"Feb 28, 2021",
2,https://www.amazon.com/dp/1777153700,1777153700,The Alignment Strategy,Lori P Brant,Kindle,"Feb 28, 2021",
1,https://www.amazon.com/dp/1678095230,1678095230,StayFast: The Ambitious Affirmations,Tyler Fisher,Hardcover,"Feb 28, 2021",
1,https://www.amazon.com/dp/1664160108,1664160108,"The Book About Marriage: Entering It, Sustaining It, Ending It",0 Lenard 0 Marlow 0,Kindle,"Feb 28, 2021",
0,https://www.amazon.com/dp/1638329583,1638329583,Crude Lessons from Rude People: My Learnings about Life and People,Sanjay Gora,Paperback,"Feb 27, 2021",
0,https://www.amazon.com/dp/B08Y4LBRTW,B08Y4LBRTW,Surviving a Shrike Attack: Guilding People Through Stressful Relationships,Phil Roland,Kindle,"Feb 27, 2021",
3,https://www.amazon.com/dp/B08XZ8FZBD,B08XZ8FZBD,When You Realize You Are God: A Journey to Self Realization,Dan Wilkz,Kindle,"Feb 27, 2021",
0,https://www.amazon.com/dp/B08XZ45KBZ,B08XZ45KBZ,"Coloring Book For Toddlers 2-4 years Tractor: Tractor Colouring Book with Simple and Big Images For Beginners Learning How To Color, For Boys & Girls Ages 2-4, 4-8, 8.5 x 11 Inches",Tractor Book Publisher,Paperback,"Feb 27, 2021",
0,https://www.amazon.com/dp/B08XLGJSXL,B08XLGJSXL,It Costs You Nothing To Be A Nice Kind Person Notebook: 6x9 | 100 Pages | Lined Notebook | Meaningful Quotes,Norugal Schreiner,Paperback,"Feb 27, 2021",
1,https://www.amazon.com/dp/B08XLGFRSD,B08XLGFRSD,HOW TO MANAGE YOUR EMOTIONS: Tips on how to overcome and manage negative emotions,Michelle Jordan,Kindle,"Feb 27, 2021",
3,https://www.amazon.com/dp/1735173509,1735173509,Ignite Ambition,Melissa Officer,Paperback,"Feb 27, 2021",
0,https://www.amazon.com/dp/1714216527,1714216527,Gratitude Journal: The First 52 Weeks of Your New Life,Elyssa Fields,Hardcover,"Feb 27, 2021",
0,https://www.amazon.com/dp/1678095133,1678095133,Cugetari (Reflections) 2021,Vavila Popovici,Paperback,"Feb 27, 2021",
2,https://www.amazon.com/dp/0981687261,0981687261,My Journey from Wrongfully Accused to Success,Mike Powlas,Paperback,"Feb 26, 2021",
3,https://www.amazon.com/dp/164841043X,164841043X,The Drunk Punk Workbook: A Step Working Guide to Getting Sober Without Gods or Masters,Tim Spock,Paperback,"Feb 26, 2021",
5,https://www.amazon.com/dp/1662904991,1662904991,Lessons in Surviving Suicide: A Letter to my Daughter,Vonne Solis,Kindle,"Feb 26, 2021",
2,https://www.amazon.com/dp/B0DJN6DL1J,B0DJN6DL1J,Christian Marriage and Family Life,J O y Aladetan,Kindle,"Feb 26, 2021",
0,https://www.amazon.com/dp/B08XWYWX5Q,B08XWYWX5Q,"Black and Blessed. Notebook. 100 pages. 6"" x 9"" in (15.24 cm x 22.86 cm) A5 format.: Black Lives Matter. Blm. Proud. Black Power. Melanin King. African.",Black Contributor,Paperback,"Feb 26, 2021",
0,https://www.amazon.com/dp/B08XLGFSSL,B08XLGFSSL,"When someone loves you You feel safe and comfortable. Perfect journal for you to record ideas, for writing and note-taking and goals to accomplish. ... lined): Motivational Notebook, Journal, Diary",Mibur Journals,Paperback,"Feb 26, 2021",
0,https://www.amazon.com/dp/B08XLGFSS1,B08XLGFSS1,"The only way out of the labyrinth of suffering is to forgive. Perfect journal for you to record ideas, for writing and note-taking and goals to ... lined): Motivational Notebook, Journal, Diary",Mibur Journals,Paperback,"Feb 26, 2021",
0,https://www.amazon.com/dp/B08XLGFSKZ,B08XLGFSKZ,"2021 Agenda: 12 Month Organizer, Daily Planner for 365 Days, One Page Per Day, Hourly Organizer Book for Daily Activities and To Do Lists, White Paper, 5.5″ x 8.5″, 365+ Pages",Creative Note,Paperback,"Feb 26, 2021",
0,https://www.amazon.com/dp/B08XL9QZMQ,B08XL9QZMQ,Anxiety Journal: mental health journal | anxiety journal | anxiety tracker | anxiety journal for teens | mental health journal for adults | anxiety ... planner | mental health journal for women |,CHASE MALONE,Paperback,"Feb 26, 2021",
5,https://www.amazon.com/dp/B08XL7ZGLR,B08XL7ZGLR,Goal Setting Colouring and Drawing Workbook,The  Enlightened Butterfly,Kindle,"Feb 26, 2021",
0,https://www.amazon.com/dp/B08XH2JQZY,B08XH2JQZY,THE BULLSHIT IN MY HEAD NOTEBOOK: Let's get journaling write it down and move on.,Rachel Melcher,Paperback,"Feb 26, 2021",
0,https://www.amazon.com/dp/B08XH2JQZC,B08XH2JQZC,UnStoppable Black Man Daily Journal: UnStoppable Black Man Daily Journal,Tierney Adley Franco,Paperback,"Feb 26, 2021",
0,https://www.amazon.com/dp/B08XH2JQSK,B08XH2JQSK,Happiness Creative Journal: Lined Mandala Crest Notebook for Writing with Motivational Quotes (Write Thyme Happiness Journals),Write Thyme,Paperback,"Feb 26, 2021",
0,https://www.amazon.com/dp/B08XH2JQG8,B08XH2JQG8,"Christian Denominations This Year I Will ! to Achieve Your Goals: 52 Week Scripture, Devotional Guided Prayer Journal achieve anything in just one ... you through anything in life (Motivational)",Agnes Titmouse,Paperback,"Feb 26, 2021",
4,https://www.amazon.com/dp/1952106737,1952106737,Dance Like the Wind: Timeless Teachings for Spiritual People,Bill Eager,Kindle,"Feb 26, 2021",
1,https://www.amazon.com/dp/1736731505,1736731505,Beyond Sex: Towards an Unfettered Intimacy,Felix Bamirin,Paperback,"Feb 26, 2021",
0,https://www.amazon.com/dp/1735693243,1735693243,A. R. C. - The Archangel Raphael Conversations,Mike Russell,Kindle,"Feb 26, 2021",
2,https://www.amazon.com/dp/1725295733,1725295733,Soul to Soul: Aphorisms for Life,David H. Rosen,Kindle,"Feb 26, 2021",
0,https://www.amazon.com/dp/1714498239,1714498239,Business Brainstormer,Mantablast,Hardcover,"Feb 26, 2021",
0,https://www.amazon.com/dp/1649908970,1649908970,The Mystic Healer Energy Healing Journal: 21 Days To Raising Your Vibration With Manifesting Guide,Jae Marie,Paperback,"Feb 26, 2021",
0,https://www.amazon.com/dp/1641824255,1641824255,Modern-Day Palmistry,Susie Polzin,Kindle,"Feb 26, 2021",
1,https://www.amazon.com/dp/1631839950,1631839950,Krys Nicole's Simple Guide Towards Gaining Total Body Confidence,Krystle McGhee,Paperback,"Feb 26, 2021",
3,https://www.amazon.com/dp/0995090955,0995090955,Contagious Courage: Living In Freedom,Vahen J King,Kindle,"Feb 26, 2021",
0,https://www.amazon.com/dp/0648083624,0648083624,Selling Made Easy: A Must Have Book on Selling,Christine Thompson-Wells,Paperback,"Feb 26, 2021",
5,https://www.amazon.com/dp/1952518024,1952518024,Diamond Key for Opening the Wisdom Eye: A Guide to the Process of Meditation,Dakpa Topgyal,Kindle,"Feb 25, 2021",
0,https://www.amazon.com/dp/1802214763,1802214763,Manipulation Trough Dark Psychology,Craig Cialdini,Paperback,"Feb 25, 2021",
1,https://www.amazon.com/dp/1913590194,1913590194,2020 Vision: Unbound Perspectives From a Year Like No Other,The Unbound Press,Kindle,"Feb 25, 2021",
0,https://www.amazon.com/dp/1801934142,1801934142,"Easy Air Fryer Recipes: Have Fun in the Kitchen and Learn to Fry, Bake, Grill and Roast with Your Air Fryer",Linda Wang,Hardcover,"Feb 28, 2021",
0,https://www.amazon.com/dp/1801934126,1801934126,"Essential Air Fryer Recipes: Most Wanted, Easy and Mouthwatering Recipes for a Healthier Lifestyle",Linda Wang,Hardcover,"Feb 28, 2021",
1,https://www.amazon.com/dp/0648188450,0648188450,Devils In Our Food,Christine Thompson-Wells,Kindle,"Feb 28, 2021",
5,https://www.amazon.com/dp/1838337148,1838337148,Pulses and Grains: Your Guide to Healthy Eastern Mediterranean Style Recipes,Sabah Willis,Kindle,"Feb 28, 2021",
5,https://www.amazon.com/dp/0645020907,0645020907,Easy Eating Cookbook: Tasty recipes for dysphagia and hard to swallow conditions,Robert Freeman,Paperback,"Feb 28, 2021",
0,https://www.amazon.com/dp/180193410X,180193410X,"The Smart Air Fryer Cookbook: Quick, Tasty and Affordable Low-Fat Recipes to Cook at Home with Your Air Fryer",Linda Wang,Hardcover,"Feb 28, 2021",
1,https://www.amazon.com/dp/1801822263,1801822263,"Crock Pot Chicken Recipes Cookbook: +60 Quick & Easy Recipes and Dishes to Stay Healthy, and Find Your Well-Being",Emma Ray,Hardcover,"Feb 28, 2021",
0,https://www.amazon.com/dp/B08XWYWXMD,B08XWYWXMD,Recipe Book: Blank Cookbook Organizer Journal For Recipes To Write In Your Recipe Details For Women Girls Teens Housewife And Moms Standing For Kitchen,My Kitchen Room,Paperback,"Feb 28, 2021",
0,https://www.amazon.com/dp/9292623206,9292623206,Vegetable Production and Value Chains in Mongolia,Asian Development Bank,Kindle,"Feb 28, 2021",
0,https://www.amazon.com/dp/1801934088,1801934088,Air Fryer Cookbook for Beginners: Easy and Delicious Low-Carb Recipes to Learn Cooking with Your Air Fryer on a Budget,Linda Wang,Hardcover,"Feb 27, 2021",
0,https://www.amazon.com/dp/1990207928,1990207928,Mediterranean Diet: Easy And Quick-to-prepare Recipes With Wholesome And Affordable Ingredients (Mediterranean Diet Meal Plan For Weight Loss),Gerardo Barrett,Paperback,"Feb 27, 2021",
0,https://www.amazon.com/dp/1774850214,1774850214,Indian Recipes: Easy and Healthy Traditional Indian Recipes Cookbook for Every Day (Best of Best Indian Recipes for Lunch and Dinner),Jeffrey Joyner,Paperback,"Feb 27, 2021",
1,https://www.amazon.com/dp/1801934045,1801934045,The Simple Air Fryer Cookbook: Learn How to Make Simple and Delicious Recipes with Your Air Fryer on a Budget,Linda Wang,Hardcover,"Feb 27, 2021",
0,https://www.amazon.com/dp/B08XXZ81LR,B08XXZ81LR,"Beer Tasting Journal: Rabbits And Fox Cover | The Perfect Companion to Take with You During Beer Tasting Trips or Sessions, 120 Pages, Size 8"" x 10""",Corina Busch,Paperback,"Feb 27, 2021",
4,https://www.amazon.com/dp/B08XL9QY9X,B08XL9QY9X,The Keto Cookbook: Heathy Keto Explanations and Recipes,Ivy Hope,Kindle,"Feb 27, 2021",
1,https://www.amazon.com/dp/1990207936,1990207936,Mediterranean Diet: Quick and Affordable Recipes to Help You Reset Your Metabolism and Change Your Eating Habits (The Mediterranean Diet Book For Beginners),Timothy Sherman,Paperback,"Feb 27, 2021",
2,https://www.amazon.com/dp/199020791X,199020791X,"Mediterranean Diet: A Complete Guide With Fast, Mouth-watering And Nutritious Recipes For Healthy Lifestyle (Delicious Dishes And Sublime Smoothies)",Doyle Craig,Paperback,"Feb 27, 2021",
0,https://www.amazon.com/dp/1914045467,1914045467,"Fuels Diet Cookbook: An Accurate Selection of Easy, Flavorful Recipes for Lifelong Health",Annalisa Williams,Hardcover,"Feb 27, 2021",
0,https://www.amazon.com/dp/1801934061,1801934061,"Smart Air Fryer Recipes: Easy, Delicious and Affordable Air Fryer Recipes for a Healthy Lifestyle",Linda Wang,Hardcover,"Feb 27, 2021",
0,https://www.amazon.com/dp/1774850192,1774850192,"Indian Recipes: Healthy and Easy to Cook Recipes, cooking for Beginners (Enjoy This Easy to Follow Collection of Indian Recipes)",Brett Merlino,Paperback,"Feb 27, 2021",
0,https://www.amazon.com/dp/0464482488,0464482488,Family Christmas Recipes - Add Your Own: Family Christmas Recipes,Mantablast,Hardcover,"Feb 27, 2021",
0,https://www.amazon.com/dp/1801934029,1801934029,"Amazing Air Fryer Recipes: Have Fun in Your Kitchen with these Easy, Tasty and Healthy Recipes for Your Air Fryer",Linda Wang,Hardcover,"Feb 26, 2021",
1,https://www.amazon.com/dp/1801934002,1801934002,"Healthy Air Fryer Recipes: Easy and Tasty Low-Fat Recipes to Fry, Bake, Grill and Roast with Your Air Fryer",Linda Wang,Hardcover,"Feb 26, 2021",
1,https://www.amazon.com/dp/0648508811,0648508811,Gluten-Free Travel in Japan,Penny Farrant,Paperback,"Feb 26, 2021",
1,https://www.amazon.com/dp/0648188485,0648188485,Devil Free Recipes - Recipes Without Food Additives: Creating Healthy Food for Healthy Families,Christine Thompson-Wells,Paperback,"Feb 26, 2021",
0,https://www.amazon.com/dp/1801933960,1801933960,Easy Air Fryer Cookbook: Easy and Tasty Low-Fat Recipes to Cook with Your Air Fryer on a Budget,Linda Wang,Hardcover,"Feb 25, 2021",
0,https://www.amazon.com/dp/199020788X,199020788X,Low Carb: Low-carb And High-fat Low Carb Recipes For Smart People To Adapt Low Carb Diet Lifestyle (A Radical Approach To Healthy Eating And Losing Weight),Lee Blair,Paperback,"Feb 25, 2021",
1,https://www.amazon.com/dp/1990207863,1990207863,"Low Carb: A Beginner's Guide With Quick, Delicious And Healthy Recipes For A Low Carb Lifestyle (Ultimate Plan For Weight Loss And Healthy Lifestyle)",Lamar Barrett,Paperback,"Feb 25, 2021",
0,https://www.amazon.com/dp/1940082080,1940082080,A Bartender’s Guide To Carding: A Guide To Checking ID And Spotting Fakes For The Alcohol And Marijuana Industries (The Thomas Morrell Bar Management Series),Thomas Morrell,Paperback,"Feb 25, 2021",
1,https://www.amazon.com/dp/B08XFP93GJ,B08XFP93GJ,Golden Girls Cookbook: Delectable Recipes for Woman's Day: Tasty dishes recipes,Mr LILLIAN FAIRLEY,Kindle,"Feb 25, 2021",
0,https://www.amazon.com/dp/1914026373,1914026373,Kalorik Maxx Air Fryer Oven Cookbook: Vegetable Recipes: Fantastic Plant-Based Recipes to Create With Your Kalorik Maxx Quick and Easy. Rapid Weight ... But With The Intense Taste of The Air Fryer,Nancy Cooke,Hardcover,"Feb 25, 2021",
0,https://www.amazon.com/dp/B08YQQWQG4,B08YQQWQG4,Food Journal: Food Journal and Grocery List Tracker Journal to Track Your Daily Meals and Your Recipes Planning | Food Diary | Keto Food | Food Journal for Women,Brilliant Chef,Paperback,"Feb 25, 2021",
0,https://www.amazon.com/dp/B08XN7HXLL,B08XN7HXLL,Recipes For My Daughter: Cookbook To Write in,Creative Paperback Journals,Paperback,"Feb 25, 2021",
0,https://www.amazon.com/dp/B08XL9QD69,B08XL9QD69,Greta Sourdough: Easy and Foolproof Sourdough Method,Greta Gasparini,Kindle,"Feb 25, 2021",
0,https://www.amazon.com/dp/B08XL7YWRG,B08XL7YWRG,Eating Journal,Techanan,Paperback,"Feb 25, 2021",
0,https://www.amazon.com/dp/8293791438,8293791438,Sous Vide: Delicious Recipes For Easy Cooking At Home,Sarah P Williamson,Kindle,"Feb 25, 2021",
0,https://www.amazon.com/dp/1990207901,1990207901,Low Carb Diet: The Official Low-carbohydrate Nutrition Guide For Beginners (The Ultimate Low Carb Diet And Weight Loss System),Ken Cain,Paperback,"Feb 25, 2021",
2,https://www.amazon.com/dp/1990207898,1990207898,Low Carb: The Ultimate Low Carb High Protein Diet To Lose Your Weight (Lose Weight Without Hunger And Burning Fat On The Stomach Made Easy),Irvin Moss,Paperback,"Feb 25, 2021",
0,https://www.amazon.com/dp/1990207871,1990207871,Low Carb Diet: Low Carb Diet - How To Lose Weight Fast And Permanently With The Low Carb Diet Plan (The Most Natural Lifestyle Guide For Beginners),Percy Buchanan,Paperback,"Feb 25, 2021",
0,https://www.amazon.com/dp/1504324188,1504324188,Barbies 4 Blokes,Julianne McLean,Kindle,"Feb 25, 2021",
0,https://www.amazon.com/dp/0646831496,0646831496,Bangalore Dies With Me: An historical memoir,Peter Loveday,Paperback,"Feb 24, 2021",
0,https://www.amazon.com/dp/B08XLNZW2J,B08XLNZW2J,notebook: journal,ismail boussaid,Paperback,"Feb 24, 2021",
0,https://www.amazon.com/dp/1914045424,1914045424,5 and 1 Diet Plans and Recipes: The Easiest and Healthiest Way to get Your Shape Back Without Stress,Annalisa Williams,Hardcover,"Feb 24, 2021",
0,https://www.amazon.com/dp/1801844291,1801844291,The 5-Ingredient Paleo Meal Plan Cookbook [2 in 1]: Every Meals You Need Everyday to Boos Body Energy and Restore Your Metabolism,Chef John Tank,Paperback,"Feb 24, 2021",
0,https://www.amazon.com/dp/1662406797,1662406797,Fat Cat Fish & Grill: How to Cook Like Us,Gary Cain,Kindle,"Feb 24, 2021",
0,https://www.amazon.com/dp/1801933928,1801933928,Super Easy Air Fryer Recipes: Learn How to Cook Low-Fat and Delicious Meals Easily and Quickly with Your Air Fryer,Linda Wang,Hardcover,"Feb 23, 2021",
0,https://www.amazon.com/dp/B0D1GRNKX1,B0D1GRNKX1,"Synthetic Peptide Vaccine Models: Design, Synthesis, Purification and Characterization",Mesut Karahan,Kindle,"Feb 28, 2021",
0,https://www.amazon.com/dp/B08XP7JJG4,B08XP7JJG4,PRAYERS THAT PRODUCE RESULTS: HOW TO BREAK FREE FROM UNGODLY COVENANTS AND CURSES,JOSEPHINE AKHAGBEME,Kindle,"Feb 28, 2021",
5,https://www.amazon.com/dp/B08YJS22ZM,B08YJS22ZM,"Suzuki's Essays in Zen Buddhism, in 3 Series, A Set of 3 Volumes | SUZUKI Super Saver 3-in-1 Combo (Set of 3 Books)",D.T. Suzuki,Paperback,"Feb 28, 2021",
2,https://www.amazon.com/dp/9387496635,9387496635,"Essays in Zen Buddhism, Second Series",D.T. Suzuki,Paperback,"Feb 28, 2021",
3,https://www.amazon.com/dp/1663218781,1663218781,The Prayer Warriors Intercessor’s Manual: A Leadership Development Training & Mentorship Program,Lady E. Nicholas,Paperback,"Feb 28, 2021",
5,https://www.amazon.com/dp/1474438229,1474438229,"How ISIS Fights: Military Tactics in Iraq, Syria, Libya and Egypt",Omar Ashour,Kindle,"Feb 28, 2021",
2,https://www.amazon.com/dp/9387496643,9387496643,"Essays in Zen Buddhism, Third Series",D.T. Suzuki,Paperback,"Feb 28, 2021",
0,https://www.amazon.com/dp/183973065X,183973065X,"TEE in Asia: Empowering Churches, Equipping Disciples (Icete)",Hanna-Ruth Van Wingerden,Kindle,"Feb 28, 2021",
2,https://www.amazon.com/dp/1090436599,1090436599,Thousand Yard Stare: A Photographic Memoir of the Vietnam War (American Photographic Series),Gary Tillman,Paperback,"Feb 27, 2021",
0,https://www.amazon.com/dp/036716731X,036716731X,Communist Indochina And U.s. Foreign Policy: Postwar Realities,Joseph J Zasloff,Kindle,"Feb 19, 2021",
3,https://www.amazon.com/dp/1954509014,1954509014,Memories and Miracles,Tom Wright,Kindle,"Feb 1, 2021",
1,https://www.amazon.com/dp/B08XLGGG1X,B08XLGGG1X,Kindergarten Math Workbook for Girls Age 5-7: My 1st & 2nd Grade Princess Workbooks | Homeschooling Activity | Beginner Learning Practise Books with ... & Brain Quest for Kids (Basic Math at Home),Alfie McMaureen,Paperback,"Feb 28, 2021",
1,https://www.amazon.com/dp/0198853254,0198853254,Population Biology of Vector-Borne Diseases (Ecology and Evolution of Infectious Diseases),John M. Drake,Hardcover,"Sep 15, 2020",
3,https://www.amazon.com/dp/3030633314,3030633314,Essential Quotes for Scientists and Engineers,Konstantin K. Likharev,Kindle,"Feb 28, 2021",
1,https://www.amazon.com/dp/3030385515,3030385515,Signalized Intersections: Fundamentals to Advanced Systems,Daiheng Ni,Hardcover,"Feb 28, 2021",
0,https://www.amazon.com/dp/303036612X,303036612X,Natural Materials and Products from Insects: Chemistry and Applications,Dhiraj Kumar,Kindle,"Feb 28, 2021",
0,https://www.amazon.com/dp/3030697878,3030697878,Nonlocal Euler–Bernoulli Beam Theories: A Comparative Study (SpringerBriefs in Applied Sciences and Technology),Jingkai Chen,Kindle,"Feb 28, 2021",
0,https://www.amazon.com/dp/303038702X,303038702X,Multimedia Security Using Chaotic Maps: Principles and Methodologies (Studies in Computational Intelligence),Khalid M. Hosny,Kindle,"Feb 28, 2021",
0,https://www.amazon.com/dp/3030698726,3030698726,"Spatial Data and Intelligence: First International Conference, SpatialDI 2020, Virtual Event, May 8–9, 2020, Proceedings (Information Systems and Applications, incl. Internet/Web, and HCI)",Xiaofeng Meng,Kindle,"Feb 28, 2021",
0,https://www.amazon.com/dp/9292626574,9292626574,How Better Regulation Can Shape the Future of Indonesia's Electricity Sector,Asian Development Bank,Kindle,"Feb 28, 2021",
2,https://www.amazon.com/dp/3030367762,3030367762,Muslim Reformism - A Critical History: Is Islamic Religious Reform Possible? (Philosophy and Politics - Critical Explorations),Mohamed Haddad,Kindle,"Feb 28, 2021",
0,https://www.amazon.com/dp/3030356892,3030356892,Translational Neuroscience of Speech and Language Disorders (Contemporary Clinical Neuroscience),Georgios P. D. Argyropoulos,Kindle,"Feb 28, 2021",
0,https://www.amazon.com/dp/B08XWYWXZ2,B08XWYWXZ2,"Horse writing Journal: 110 pages With 20 horse coloring pages . take notes and have fun coloring beautiful horse designs , all in one book .",Max Green,Paperback,"Feb 28, 2021",
0,https://www.amazon.com/dp/B08XWYWXLG,B08XWYWXLG,North Topsail Beach north carolina: beach journal for writing down thoughts for anyone that loves beach vacations and surfing,positive publishing,Paperback,"Feb 28, 2021",
0,https://www.amazon.com/dp/B08XSCRM8G,B08XSCRM8G,Astronomers Stargazing Log Book: Astronomy Journal For Sky Observers And Astrology Geeks Notebook And Nerds Of Constellations And Outer Cosmic Stars Logbook,Zeilly Publishing,Paperback,"Feb 28, 2021",
0,https://www.amazon.com/dp/B08XLJ94CT,B08XLJ94CT,Preschool math at home: Ages 2-4 Beginner Math Preschool Learning Book with Number,S&S Publishing,Paperback,"Feb 28, 2021",
0,https://www.amazon.com/dp/B08XH2JQNF,B08XH2JQNF,Moth Adult Coloring Book: An Adult Coloring Book For 30 Zentangle Moth Designs,Prity Book House,Paperback,"Feb 28, 2021",
0,https://www.amazon.com/dp/9811599521,9811599521,"Mathematical Modeling, Computational Intelligence Techniques and Renewable Energy: Proceedings of the First International Conference, MMCITRE 2020",Manoj Sahni,Kindle,"Feb 28, 2021",
0,https://www.amazon.com/dp/9811534470,9811534470,Adaptive Control of Bio-Inspired Manufacturing Systems (Research on Intelligent Manufacturing),Dunbing Tang,Kindle,"Feb 28, 2021",
0,https://www.amazon.com/dp/9811520836,9811520836,Estuaries and Coastal Zones in Times of Global Change: Proceedings of ICEC-2018 (Springer Water),Kim Dan Nguyen,Kindle,"Feb 28, 2021",
0,https://www.amazon.com/dp/9811511950,9811511950,"ICACE 2019: Selected Articles from the International Conference on Architecture and Civil Engineering (Lecture Notes in Civil Engineering, 59)",Mokhtar Awang,Kindle,"Feb 28, 2021",
2,https://www.amazon.com/dp/9811509646,9811509646,Textbook of Nutrition in Health and Disease,Kaveri Chakrabarty,Hardcover,"Feb 28, 2021",
0,https://www.amazon.com/dp/9292625276,9292625276,Guidelines for Drinking Water Safety Planning for West Bengal,Asian Development Bank,Kindle,"Feb 28, 2021",
0,https://www.amazon.com/dp/9292625217,9292625217,"Climate Change, Coming Soon to a Court Near You: Climate Litigation in Asia and the Pacific and Beyond",Asian Development Bank,Kindle,"Feb 28, 2021",
0,https://www.amazon.com/dp/9292625101,9292625101,"Indonesia Energy Sector Assessment, Strategy, and Road Map: Update (Country Sector and Thematic Assessments)",Asian Development Bank,Kindle,"Feb 28, 2021",
0,https://www.amazon.com/dp/9292623311,9292623311,Transforming Urban-Rural Water Linkages into High-Quality Investments,Asian Development Bank,Kindle,"Feb 28, 2021",
0,https://www.amazon.com/dp/9292623230,9292623230,Renewable Energy Tariffs and Incentives in Indonesia: Review and Recommendations,Asian Development Bank,Kindle,"Feb 28, 2021",
0,https://www.amazon.com/dp/9201095201,9201095201,Assessing Behavioural Competencies of Employees in Nuclear Facilities (IAEA TECDOC),International Atomic Energy Agency,Paperback,"Feb 28, 2021",
0,https://www.amazon.com/dp/9201080204,9201080204,Modelling of Fuel Behaviour in Design Basis Accidents and Design Extension Conditions: Proceedings of a Technical Meeting (IAEA TECDOC),International Atomic Energy Agency,Paperback,"Feb 28, 2021",
0,https://www.amazon.com/dp/9201072201,9201072201,Considerations on Performing Integrated Risk Informed Decision Making (IAEA TECDOC),International Atomic Energy Agency,Paperback,"Feb 28, 2021",
0,https://www.amazon.com/dp/9201068204,9201068204,Benchmarking of Computational Fluid Dynamics Codes for Fuel Assembly Design: Results of a Coordinated Research Project (IAEA TECDOC),International Atomic Energy Agency,Paperback,"Feb 28, 2021",
0,https://www.amazon.com/dp/3030412210,3030412210,Trends in Biomedical Research (Clinical and Experimental Biomedicine),Mieczyslaw Pokorski,Paperback,"Feb 28, 2021",
0,https://www.amazon.com/dp/3030398455,3030398455,"The Andaman Islands and Adjoining Offshore: Geology, Tectonics and Palaeoclimate (Society of Earth Scientists Series)",Jyotiranjan S. Ray,Kindle,"Feb 28, 2021",
0,https://www.amazon.com/dp/3030377547,3030377547,Computation and Big Data for Transport: Digital Innovations in Surface and Air Transport Systems (Computational Methods in Applied Sciences),Pedro Diez,Kindle,"Feb 28, 2021",
1,https://www.amazon.com/dp/3030371751,3030371751,"NAFLD and NASH: Biomarkers in Detection, Diagnosis and Monitoring",Manuel Romero-Gomez,Kindle,"Feb 28, 2021",
0,https://www.amazon.com/dp/3030356620,3030356620,Bioethical Controversies in Pediatric Cardiology and Cardiac Surgery,Constantine Mavroudis,Kindle,"Feb 28, 2021",
0,https://www.amazon.com/dp/3030354350,3030354350,HIV Infection in Children and Adolescents,Raziya Bobat,Kindle,"Feb 28, 2021",
0,https://www.amazon.com/dp/3030349128,3030349128,Numerical Nonsmooth Optimization: State of the Art Algorithms,Adil M. Bagirov,Hardcover,"Feb 28, 2021",
0,https://www.amazon.com/dp/3030347869,3030347869,Neuroergonomics: Principles and Practice (Cognitive Science and Technology),Chang S. Nam,Kindle,"Feb 28, 2021",
0,https://www.amazon.com/dp/3030344738,3030344738,Racing for the Surface: Antimicrobial and Interface Tissue Engineering,Bingyun Li,Kindle,"Feb 28, 2021",
4,https://www.amazon.com/dp/198226022X,198226022X,I Have Dreamt of the Earth: And the Earth Has Dreamt of Me,Raphael Montoliu,Kindle,"Feb 28, 2021",
0,https://www.amazon.com/dp/1913818101,1913818101,"Edge, Red: Welcome to museum earth...unless?",Ed Adams,Kindle,"Feb 28, 2021",
3,https://www.amazon.com/dp/1800461585,1800461585,AQA Psychology A Level - Research Methods: Practice Questions,Dr Sheila Thomas,Paperback,"Feb 28, 2021",
0,https://www.amazon.com/dp/1789698340,1789698340,András Bodor and the History of Classical Studies in Transylvania in the 20th century (Archaeological Lives),Csaba Szabo,Paperback,"Mar 7, 2021",
0,https://www.amazon.com/dp/1789698197,1789698197,Archaeology Today: A Colouring Book,Cornelius Holtorf,Paperback,"Mar 7, 2021",
0,https://www.amazon.com/dp/1665585927,1665585927,Our Carbon Footprint,0 Carol 0 Sutters 0,Kindle,"Feb 28, 2021",
0,https://www.amazon.com/dp/1636481256,1636481256,Ethnoarchaeology of Indigenous Material Culture: A comparative study on hunting and fishing tools with reference to the Sri Lankan and Japanese indigenous people,Mannada Karunatilake,Paperback,"Feb 28, 2021",
1,https://www.amazon.com/dp/0367160471,0367160471,"Ancient Maya Wetland Agriculture: Excavations On Albion Island, Northern Belize",Mary Deland Pohl,Kindle,"Feb 28, 2021",
0,https://www.amazon.com/dp/0367263300,0367263300,Guidebook (Routledge Revivals),George Dominguez,Kindle,"Feb 27, 2021",
0,https://www.amazon.com/dp/0367261782,0367261782,Sensory Evaluation Techniques (Routledge Revivals),Morten Meilgaard,Kindle,"Feb 27, 2021",
0,https://www.amazon.com/dp/036724327X,036724327X,Handbook of Experimental Stomatology (Routledge Revivals),Samuel Dreizen,Kindle,"Feb 27, 2021",
0,https://www.amazon.com/dp/9811604312,9811604312,Computational Advances of Rh-Catalyzed C–H Functionalization: From Elementary Reaction to Mechanism (SpringerBriefs in Molecular Science),Yu Lan,Kindle,"Feb 27, 2021",
0,https://www.amazon.com/dp/981152503X,981152503X,Business Standard Compliance and Requirements Validation Using Goal Models (Services and Business Process Reengineering),Novarun Deb,Kindle,"Feb 27, 2021",
0,https://www.amazon.com/dp/9811512302,9811512302,"Islamic Identity, Postcoloniality, and Educational Policy: Schooling and Ethno-Religious Conflict in the Southern Philippines (Islam in Southeast Asia)",Jeffrey Ayala Milligan,Kindle,"Feb 27, 2021",
2,https://www.amazon.com/dp/9389547989,9389547989,Competitive Seed Science And Technology,K Vanangamudi,Paperback,"Feb 27, 2021",
0,https://www.amazon.com/dp/6138949986,6138949986,Improving Salt Affected Soil Through Fruit Tree Cropping Model: An Economical and Sustainable Approach,C. S. Pandey,Paperback,"Feb 27, 2021",
0,https://www.amazon.com/dp/6138947134,6138947134,Asthma therapeutic development by theophylline complex in nano-scale,Zainab Sabri Abbas,Paperback,"Feb 27, 2021",
0,https://www.amazon.com/dp/6138946863,6138946863,Study of some Quantum Field Theoretical models based on Dirac Quantization,Safia Yasmin,Paperback,"Feb 27, 2021",
0,https://www.amazon.com/dp/3837649555,3837649555,"Digital Culture & Society (DCS): Vol. 6, Issue 1/2020 – Alternative Histories in DIY Cultures and Maker Utopias",Cindy Kohtala,Paperback,"Feb 27, 2021",
0,https://www.amazon.com/dp/3030351459,3030351459,Forest Pest and Disease Management in Latin America: Modern Perspectives in Natural Forests and Exotic Plantations,Sergio A. Estay,Kindle,"Feb 27, 2021",
0,https://www.amazon.com/dp/3030331865,3030331865,Solar Energy Research Institute for India and the United States (SERIIUS): Lessons and Results from a Binational Consortium (Lecture Notes in Energy),David Ginley,Kindle,"Feb 27, 2021",
0,https://www.amazon.com/dp/1948521490,1948521490,Honoring Nature: An Anthology of Authors and Artists Festival Writers,Lis McLoughlin,Paperback,"Feb 27, 2021",
0,https://www.amazon.com/dp/1637454872,1637454872,Don't Kill Me: Earth Is My Mother,Ramani Ranjan Khuntia,Kindle,"Feb 27, 2021",
0,https://www.amazon.com/dp/0367263483,0367263483,Molecular Biochemistry of Human Diseases (Routledge Revivals),George Feuer,Kindle,"Feb 27, 2021",
0,https://www.amazon.com/dp/0367263424,0367263424,Anal Of Pest In Water Anal Nitrogen Cont Pest: Nitrogen-Containing Pesticides (Routledge Revivals),Alfred S.Y. Chau,Kindle,"Feb 27, 2021",
0,https://www.amazon.com/dp/0367263025,0367263025,Guidebook (Routledge Revivals),George S. Dominguez,Kindle,"Feb 27, 2021",
0,https://www.amazon.com/dp/0367262819,0367262819,Biocontrol Of Plant Diseases (Routledge Revivals),K. G. Mukerji,Kindle,"Feb 27, 2021",
0,https://www.amazon.com/dp/0367262665,0367262665,Thermoluminescence and Thermoluminescent Dosimetry (Routledge Revivals),Yigal S. Horowitz,Kindle,"Feb 27, 2021",
0,https://www.amazon.com/dp/0367262576,0367262576,Thermoluminescence & Thermoluminescent Dosimetry (Routledge Revivals),Yigal S. Horowitz,Kindle,"Feb 27, 2021",
0,https://www.amazon.com/dp/0367260956,0367260956,Biochemical Basis of Plant Breeding: Volume 1 Carbon Metabolism (Routledge Revivals),Carlos A. Neyra,Kindle,"Feb 27, 2021",
0,https://www.amazon.com/dp/0367259680,0367259680,Biomedical Signal Processing (Routledge Revivals),Arnon Cohen,Kindle,"Feb 27, 2021",
0,https://www.amazon.com/dp/0367259192,0367259192,Handbook of Nutritive Value of Processed Food: Volume 1: Food for Human Use (Routledge Revivals),Miloslav Rechcigl,Kindle,"Feb 27, 2021",
0,https://www.amazon.com/dp/0367258978,0367258978,Extrusion Of Foods (Routledge Revivals),Judson M. Harper,Kindle,"Feb 27, 2021",
1,https://www.amazon.com/dp/0367258897,0367258897,Food Hydrocolloids (Routledge Revivals),Martin Glicksman,Hardcover,"Feb 27, 2021",
0,https://www.amazon.com/dp/0367258773,0367258773,Food Hydrocolloids (Routledge Revivals),Martin Glicksman,Kindle,"Feb 27, 2021",
0,https://www.amazon.com/dp/036725364X,036725364X,Controlled Release Technologies (Routledge Revivals),Agis F. Kydonieus,Kindle,"Feb 27, 2021",
0,https://www.amazon.com/dp/036725221X,036725221X,Comparative Pathobiology of Viral Diseases (Routledge Revivals),Richard G. Olsen,Kindle,"Feb 27, 2021",
1,https://www.amazon.com/dp/0367246708,0367246708,CRC Handbook of Foodborne Diseases of Biological Origin (Routledge Revivals),Miloslav Rechcigl  Jr.,Kindle,"Feb 27, 2021",
0,https://www.amazon.com/dp/0367245841,0367245841,Glucose Nonfermenting Gram-Negative Bacteria in Clinical Microbiology (Routledge Revivals),Gerald L. Gilardi,Kindle,"Feb 27, 2021",
0,https://www.amazon.com/dp/0367236907,0367236907,The Reticulocyte (Routledge Revivals),Samuel Rapoport,Kindle,"Feb 27, 2021",
0,https://www.amazon.com/dp/0367235757,0367235757,Selection Indices in Plant Breeding (Routledge Revivals),R. J. Baker,Kindle,"Feb 27, 2021",
0,https://www.amazon.com/dp/0367235420,0367235420,The Arboviruses: Epidemiology and Ecology (Routledge Revivals),Thomas P. Monath,Hardcover,"Feb 27, 2021",
0,https://www.amazon.com/dp/0367235374,0367235374,The Arboviruses: Epidemiology and Ecology (Routledge Revivals),Thomas P. Monath,Hardcover,"Feb 27, 2021",
0,https://www.amazon.com/dp/0367235323,0367235323,The Arboviruses:: Epidemiology and Ecology (Routledge Revivals),Thomas Monath,Kindle,"Feb 27, 2021",
0,https://www.amazon.com/dp/0367228173,0367228173,Multifunctional Proteins (Routledge Revivals),James F. Kane,Kindle,"Feb 27, 2021",
0,https://www.amazon.com/dp/0367218453,0367218453,Herbivorous Fishes (Routledge Revivals),Karol Opuszynski  D.Sc,Kindle,"Feb 27, 2021",
0,https://www.amazon.com/dp/0323900062,0323900062,Protocol Handbook for Cancer Biology,Gauri Misra,Kindle,"Mar 1, 2021",
0,https://www.amazon.com/dp/0128237007,0128237007,"Nuclear Decommissioning Case Studies: Volume One - Accidental Impacts on Workers, the Environment and Society",Michele Laraia,Paperback,"Feb 15, 2021",
4,https://www.amazon.com/dp/1478011823,1478011823,Atmospheric Noise: The Indefinite Urbanism of Los Angeles (Elements),Marina Peterson,Kindle,"Feb 26, 2021",
0,https://www.amazon.com/dp/1920033300,1920033300,"Bushmen, Botany and Baking Bread: Mary Pocock's Record of a Journey With Dorothea Bleek Across Angola in 1925",tony Dold,Kindle,"Feb 26, 2021",
0,https://www.amazon.com/dp/3631797729,3631797729,Human Facial Attractiveness in Psychological Research (Spectrum Slovakia),Démuthová,Kindle,"Feb 26, 2021",
0,https://www.amazon.com/dp/6202574860,6202574860,Phytochemical study and anti-sickle cell activity of the genus Ocimum,Tshilanda Dinangayi Dorothée,Paperback,"Feb 26, 2021",
4,https://www.amazon.com/dp/1789979129,1789979129,The Assyrian Church of the East,Chaillot,Kindle,"Feb 26, 2021",
0,https://www.amazon.com/dp/012821998X,012821998X,"Macromolecular Engineering: Design, Synthesis and Application of Polymers",Alex Lubnin,Kindle,"Feb 12, 2021",
0,https://www.amazon.com/dp/1476684642,1476684642,"Draining the Swamp, Southern Style: North Carolina and Florida Wetlands and the Wright Report Scandal, 1896-1926",Bruce D. Epperson,Kindle,"Feb 26, 2021",
0,https://www.amazon.com/dp/3030601625,3030601625,Lebesgue Integral (Compact Textbooks in Mathematics),Liviu C. Florescu,Kindle,"Feb 26, 2021",
1,https://www.amazon.com/dp/0813946425,0813946425,"Beastly Natures: Animals, Humans, and the Study of History",Dorothee Brantz,Hardcover,"Feb 26, 2021",
1,https://www.amazon.com/dp/0367627086,0367627086,Development and Decolonization in Latin America (Routledge Perspectives on Development),Julie Cupples,Kindle,"Feb 26, 2021",
0,https://www.amazon.com/dp/9354442579,9354442579,A Glossary Of Greek Birds,D'Arcy Wentworth Thompson,Hardcover,"Feb 26, 2021",
0,https://www.amazon.com/dp/9354447112,9354447112,The Vertebrate Skeleton,Sidney H Reynolds,Kindle,"Feb 26, 2021",
0,https://www.amazon.com/dp/9354446922,9354446922,Surgical Anatomy; A Treatise On Human Anatomy In Its Application To The Practice Of Medicine And Surgery (Volume Ii),John Blair Deaver,Hardcover,"Feb 26, 2021",
2,https://www.amazon.com/dp/9354446760,9354446760,The Story Of The Living Machine; A Review Of The Conclusions Of Modern Biology In Regard To The Mechanism Which Controls The Phenomena Of Living Activity,Herbert William Conn,Kindle,"Feb 26, 2021",
1,https://www.amazon.com/dp/9354446701,9354446701,"Outlines Of Practical Physiology, Being A Manual For The Physiological Laboratory, Including Chemical And Experimental Physiology, With Reference To Practical Medicine",William Stirling,Kindle,"Feb 26, 2021",
0,https://www.amazon.com/dp/9354444946,9354444946,A History Of The Study Of Mathematics At Cambridge,W W Rouse Ball,Kindle,"Feb 26, 2021",
0,https://www.amazon.com/dp/9354444857,9354444857,View Of Sir Isaac Newton'S Philosophy,Henry Pemberton,Kindle,"Feb 26, 2021",
0,https://www.amazon.com/dp/935444461X,935444461X,Darwiniana: Essays,Thomas Henry Huxley,Kindle,"Feb 26, 2021",
1,https://www.amazon.com/dp/9354442811,9354442811,"An Introductory Course Of Quantitative Chemical Analysis, With Explanatory Notes And Stoichiometrical Problems",Henry Paul Talbot,Kindle,"Feb 26, 2021",
0,https://www.amazon.com/dp/9354442447,9354442447,From The Greeks To Darwin: An Outline Of The Development Of The Evolution Idea,Henry Fairfield Osborn,Hardcover,"Feb 26, 2021",
0,https://www.amazon.com/dp/B08XLNTJD1,B08XLNTJD1,"Graph Paper Composition Notebook: Quad Ruled 5 squares per inch: Math and Science Composition Notebook for Students and Artist Workbook ... Assorted Color Covers, 110 pages |Large, 8.5 x 11|",Akkach Math & Science Press,Paperback,"Feb 26, 2021",
0,https://www.amazon.com/dp/B08XL9QKR7,B08XL9QKR7,"Graph Paper Composition Notebook New Edition: Quad Ruled 5 squares per inch: Math and Science Composition Notebook for Students and Artist Workbook ... Color Covers, 110 pages |Large, 8.5 x 11|",Akkach Math & Science Press,Paperback,"Feb 26, 2021",
0,https://www.amazon.com/dp/B08XL7ZJS2,B08XL7ZJS2,"Birds Watching Logbook: Birders journal and logbook for animal watchers | Bird watching for beginners, advanced, children and adults",Margo Blackmore,Paperback,"Feb 26, 2021",
0,https://www.amazon.com/dp/B08XH2JQF5,B08XH2JQF5,Notebook For Math Lovers | Equal Is Greater Than Division,Smart LifeStyle Journals,Paperback,"Feb 26, 2021",
0,https://www.amazon.com/dp/9813344652,9813344652,Advances in Manufacturing Systems: Select Proceedings of RAM 2020 (Lecture Notes in Mechanical Engineering),Shailendra Kumar,Kindle,"Feb 26, 2021",
0,https://www.amazon.com/dp/9811519080,9811519080,Commercial Status of Plant Breeding in India,Aparna Tiwari,Kindle,"Feb 26, 2021",
0,https://www.amazon.com/dp/9354446876,9354446876,Surgical Anatomy; A Treatise On Human Anatomy In Its Application To The Practice Of Medicine And Surgery (Volume I),John Blair Deaver,Hardcover,"Feb 26, 2021",
0,https://www.amazon.com/dp/9354445268,9354445268,Manual Of Bacteriological Technique And Special Bacteriology,Thomas Bowhill,Kindle,"Feb 26, 2021",
0,https://www.amazon.com/dp/9354445209,9354445209,The Compendious Manual Of Qualitative Chemical Analysis,C W Eliot,Paperback,"Feb 26, 2021",
0,https://www.amazon.com/dp/9354443516,9354443516,Regional Anatomy In Its Relation To Medicine And Surgery (Volume I),George McClellan,Paperback,"Feb 26, 2021",
0,https://www.amazon.com/dp/9354443435,9354443435,Regional Anatomy In Its Relation To Medicine And Surgery (Volume Ii),George McClellan,Hardcover,"Feb 26, 2021",
0,https://www.amazon.com/dp/9354443354,9354443354,Quain'S Elements Of Anatomy (Volume Iii) Part Iii Organs Of The Senses,Jones Quain,Paperback,"Feb 26, 2021",
0,https://www.amazon.com/dp/9354443125,9354443125,"The Lives Of The Puritans: Containing A Biographical Account Of Those Divines Who Distinguished Themselves In The Cause Of Religious Liberty, From The ... To The Act Of Uniformity In 1662 (Volume II)",Benjamin Brook,Hardcover,"Feb 26, 2021",
0,https://www.amazon.com/dp/9354443044,9354443044,Quain'S Elements Of Anatomy (Volume Ii) Part Ii (Arthrology - Myology - Angeiology),Jones Quain,Paperback,"Feb 26, 2021",
0,https://www.amazon.com/dp/9354442889,9354442889,Quain'S Elements Of Anatomy; Appendix Superficial And Surgical Anatomy,Jones Quain,Hardcover,"Feb 26, 2021",
0,https://www.amazon.com/dp/9198681591,9198681591,Easy Sudoku Puzzles: 100 Easy Sudoku Puzzles And Solutions (Easy Sudoku Puzzles Books),Sudoku Solvers,Paperback,"Feb 26, 2021",
0,https://www.amazon.com/dp/9198681583,9198681583,Easy Sudoku Puzzles: 100 Easy Sudoku Puzzles And Solutions (Easy Sudoku Puzzles Books),Sudoku Solvers,Paperback,"Feb 26, 2021",
0,https://www.amazon.com/dp/9198681567,9198681567,Easy Sudoku Puzzles: 100 Easy Sudoku Puzzles And Solutions (Easy Sudoku Puzzles Books),Mark Adams,Paperback,"Feb 26, 2021",
0,https://www.amazon.com/dp/6203464058,6203464058,THE ART OF CHARGE AND LIGAND DISTRIBUTIONS: IN ZINTL ION AND OTHER CLUSTERS,Prof. Enos Kiremire,Paperback,"Feb 26, 2021",
0,https://www.amazon.com/dp/6203461768,6203461768,Used Plastic Based Mulching System: Performance Evaluation for rabi onion,Chandrakali Banjare,Paperback,"Feb 26, 2021",
0,https://www.amazon.com/dp/6203366714,6203366714,Permeable fault zones and their role,Valery Ustyantsev,Paperback,"Feb 26, 2021",
0,https://www.amazon.com/dp/6203365947,6203365947,Weather and Kelvin waves,Tatjana Dmitrijewa,Paperback,"Feb 26, 2021",
0,https://www.amazon.com/dp/620336343X,620336343X,Foliar Fertilisers and Biostimulants,Daiane Corrêa,Paperback,"Feb 26, 2021",
0,https://www.amazon.com/dp/6203360627,6203360627,Monoclonal gammapathies: biological profile,Sana Aboulkacem,Paperback,"Feb 26, 2021",
0,https://www.amazon.com/dp/620320224X,620320224X,Manufacturing of Melange Yarn,Frezer Getnet,Paperback,"Feb 26, 2021",
0,https://www.amazon.com/dp/6203199990,6203199990,Physiology and Biochemistry of Umbelliferae Fruits: Growth and Development of Fruits and Storage of Seeds of Umbelliferae,Haribabu Narra,Paperback,"Feb 26, 2021",
0,https://www.amazon.com/dp/6138950054,6138950054,Investigation of Wettability Alteration in EOR Process: Using New Amino Acidic Surfactant (Dodecanoyl. alanine),Sadegh Karimi,Paperback,"Feb 26, 2021",
0,https://www.amazon.com/dp/6138950003,6138950003,CHEMICAL DIAGENESIS OF WETLAND SEDIMENTS: Mangroves,M. Madan Kumar,Paperback,"Feb 26, 2021",
0,https://www.amazon.com/dp/3030623572,3030623572,The Evaluation of Air Quality in Albania by Moss Biomonitoring and Metals Atmospheric Deposition (SpringerBriefs in Environmental Science),Pranvera Lazo,Paperback,"Feb 26, 2021",
0,https://www.amazon.com/dp/303040322X,303040322X,Developing Place-responsive Pedagogy in Outdoor Environmental Education: A Rhizomatic Curriculum Autobiography (International Explorations in Outdoor and Environmental Education),Alistair Stewart,Kindle,"Feb 26, 2021",
0,https://www.amazon.com/dp/3030385949,3030385949,Introduction to Analytical Methods in Organic Geochemistry (Fundamentals in Organic Geochemistry),Jan Schwarzbauer,Hardcover,"Feb 26, 2021",
0,https://www.amazon.com/dp/3030371166,3030371166,Birational Geometry and Moduli Spaces (Springer INdAM Series),Elisabetta Colombo,Kindle,"Feb 26, 2021",
0,https://www.amazon.com/dp/1914081544,1914081544,Cognitive Psychology Workbook: 2ND Edition (Introductory),Connor Whiteley,Paperback,"Feb 26, 2021",
0,https://www.amazon.com/dp/1470457008,1470457008,"Singularities, Mirror Symmetry, and the Gauged Linear Sigma Model (Contemporary Mathematics)",Tyler J. Jarvis,Paperback,"Feb 26, 2021",
0,https://www.amazon.com/dp/1349847518,1349847518,The Self and its Defenses: From Psychodynamics to Cognitive Science,Massimo Marraffa,Kindle,"Feb 26, 2021",
0,https://www.amazon.com/dp/1349843601,1349843601,"Identity, Justice and Resistance in the Neoliberal City",Gülçin Erdi,Kindle,"Feb 26, 2021",
4,https://www.amazon.com/dp/036744352X,036744352X,Innovating Construction Law: Towards the Digital Age,Jim Mason,Kindle,"Feb 26, 2021",
0,https://www.amazon.com/dp/0128234601,0128234601,Complexity and Complex Chemo-Electric Systems,Stanislaw Sieniutycz,Kindle,"Mar 1, 2021",
0,https://www.amazon.com/dp/012820785X,012820785X,Nonlinear Ocean Dynamics: Synthetic Aperture Radar,Maged Marghany,Paperback,"Feb 25, 2021",
1,https://www.amazon.com/dp/1736650203,1736650203,"Wildflowers of Southeastern Iowa: Volume 1, Spring",Don Weiss,Paperback,"Feb 25, 2021",
0,https://www.amazon.com/dp/1108713505,1108713505,Rational Choice Using Imprecise Probabilities and Utilities (Elements in Decision Theory and Philosophy),Paul Weirich,Kindle,"Feb 25, 2021",
4,https://www.amazon.com/dp/0367685779,0367685779,Rational Emotive Behaviour Therapy: Distinctive Features,Windy Dryden,Kindle,"Feb 25, 2021",
1,https://www.amazon.com/dp/1788212517,1788212517,Economic Anthropology (The Economy: Key Ideas),James G. Carrier,Kindle,"Feb 25, 2021",
3,https://www.amazon.com/dp/0990762688,0990762688,Summoning the Ancestors: Southern Nigerian Bronzes,Nancy Neaher Maas,Paperback,"Feb 28, 2021",
0,https://www.amazon.com/dp/3030358380,3030358380,Identifications of French People of Algerian Origin (Palgrave Politics of Identity and Citizenship Series),Jacek Kubera,Kindle,"Feb 28, 2021",
0,https://www.amazon.com/dp/0824889851,0824889851,Buddhist Tourism in Asia (Contemporary Buddhism),Courtney Bruntz,Kindle,"Feb 28, 2021",
3,https://www.amazon.com/dp/6214341246,6214341246,"Voices of Generations Past: The Belief of the Igbo, an African Tribe",Emmanuel I Nwozuzu,Kindle,"Feb 28, 2021",
1,https://www.amazon.com/dp/0295749199,0295749199,Christian Krohg's Naturalism (New Directions in Scandinavian Studies),Øystein Sjåstad,Kindle,"Feb 28, 2021",
0,https://www.amazon.com/dp/B08XN9G8CW,B08XN9G8CW,Ireland Wordsearch - Book 3 - Irish Movies and Television: Puzzle Book - One of the Best Irish Gifts for some who loves Ireland,Ireland Buy Design,Paperback,"Feb 28, 2021",
0,https://www.amazon.com/dp/939043940X,939043940X,Of Matters Military: Nationalism and the Enemy Within (Of Matters Military (Indian Military)),Mrinal Suman,Paperback,"Feb 28, 2021",
0,https://www.amazon.com/dp/9292625764,9292625764,Pacific Economic Monitor: December 2020,Asian Development Bank,Kindle,"Feb 28, 2021",
0,https://www.amazon.com/dp/8194697476,8194697476,"Biological Weapons: Coronavirus, Weapon of Mass Destruction?",Dr U C Jha,Hardcover,"Feb 28, 2021",
0,https://www.amazon.com/dp/3030389812,3030389812,"Jews and Poles in the Holocaust Exhibitions of Kraków, 1980–2013: Between Urban Past and National Memory",Janek Gryta,Kindle,"Feb 28, 2021",
0,https://www.amazon.com/dp/1789696771,1789696771,Vernacular Buildings and Urban Social Practice: Wood and People in Early Modern Swedish Society,Andrine Nilsen,Paperback,"Mar 7, 2021",
0,https://www.amazon.com/dp/1774840030,1774840030,The Journal of Andrew Fuller Studies 2 (February 2021),Michael A G Haykin,Paperback,"Feb 28, 2021",
0,https://www.amazon.com/dp/0944581021,0944581021,Destination Freedom: Escape from Tyranny,Susanne M Reyto,Paperback,"Feb 28, 2021",
1,https://www.amazon.com/dp/0367274094,0367274094,"The West Bank: History, Politics, Society, And Economy",Ian Lustick,Kindle,"Feb 27, 2021",
0,https://www.amazon.com/dp/1478011343,1478011343,"The Charismatic Gymnasium: Breath, Media, and Religious Revivalism in Contemporary Brazil",Maria José de Abreu,Kindle,"Feb 26, 2021",
3,https://www.amazon.com/dp/1952485177,1952485177,Hickory Then and Now the Complete History,Richard Eller,Paperback,"Feb 26, 2021",
1,https://www.amazon.com/dp/0334060354,0334060354,After Pestilence: An Interreligious Theology of the Poor,Mario I. Aguilar,Kindle,"Feb 28, 2021",
3,https://www.amazon.com/dp/0824889886,0824889886,Jejueo: The Language of Korea’s Jeju Island,Changyong Yang,Hardcover,"Feb 28, 2021",
4,https://www.amazon.com/dp/0295749164,0295749164,Shifting Grounds: Landscape in Contemporary Native American Art,Kate Morris,Kindle,"Feb 28, 2021",
0,https://www.amazon.com/dp/3030362582,3030362582,Childhood in Contemporary Diasporic African Literature: Memories and Futures Past (African Histories and Modernities),Christopher E. W. Ouma,Kindle,"Feb 28, 2021",
0,https://www.amazon.com/dp/0367167921,0367167921,From Vietnam To Amer/hs: A Chronicle of the Vietnamese Immigration to the United States,Gail Paradise Kelly,Kindle,"Feb 28, 2021",
0,https://www.amazon.com/dp/B08Y4HC8K1,B08Y4HC8K1,News from Trumplandia: America Revisited,Tiberiu Dianu,Kindle,"Feb 28, 2021",
0,https://www.amazon.com/dp/B08XWYWX8H,B08XWYWX8H,"mom is more than a name it's a lifestyle: Perfect For Mom's Birthday, Mother's Day, Christmas Or Just To Show Mom You Love Her!",kam ami,Paperback,"Feb 28, 2021",
1,https://www.amazon.com/dp/9811514410,9811514410,"Rights and Security in India, Myanmar, and Thailand",Chosein Yamahata,Kindle,"Feb 28, 2021",
0,https://www.amazon.com/dp/929262637X,929262637X,COVID-19 and Livable Cities in Asia and the Pacific: Guidance Note,Asian Development Bank,Kindle,"Feb 28, 2021",
0,https://www.amazon.com/dp/9292626221,9292626221,Tool Kit for PublicÐPrivate Partnerships in Urban Primary Health Centers in India,Asian Development Bank,Kindle,"Feb 28, 2021",
0,https://www.amazon.com/dp/9292624717,9292624717,Strengthening Support for Labor Migration in Tajikistan: Assessment and Recommendations,Asian Development Bank,Kindle,"Feb 28, 2021",
0,https://www.amazon.com/dp/303041213X,303041213X,Multilingual Education Yearbook 2020: Teacher Education and Multilingual Contexts,Wenhao Tao,Kindle,"Feb 28, 2021",
0,https://www.amazon.com/dp/3030360776,3030360776,Migration from the Newly Independent States: 25 Years After the Collapse of the USSR (Societies and Political Orders in Transition),Mikhail Denisenko,Kindle,"Feb 28, 2021",
0,https://www.amazon.com/dp/1988592631,1988592631,Landfall 240,Emma Neale,Paperback,"Feb 28, 2021",
0,https://www.amazon.com/dp/1732594902,1732594902,Missionary Priests in the Homeland: Our Call to Receive,Dr Sebastian P Mahfood OP,Kindle,"Feb 28, 2021",
2,https://www.amazon.com/dp/B08XL9QZHP,B08XL9QZHP,Sudoku for Moms: The Perfect Sudoku Book Gift for Mother With 100+ Easy to Hard Puzzles in Large Print (Sudoku Gifts for Adults),Puzzlestoria,Paperback,"Feb 27, 2021",
0,https://www.amazon.com/dp/9811523355,9811523355,Improving Use of Medicines and Medical Tests in Primary Care,Lynn Maria Weekes,Kindle,"Feb 27, 2021",
0,https://www.amazon.com/dp/B08XL7ZF1K,B08XL7ZF1K,"I Am Confident, Brave & Beautiful: A Coloring Book for kids ages 1-6 boys and girls learn the names and coloring, school zone",toni thomas,Paperback,"Feb 27, 2021",
0,https://www.amazon.com/dp/B08XH2JQ21,B08XH2JQ21,Airplane Coloring Book For Kids Ages 4-12: Amazing Coloring Books Planes for Kids ages 4-8 | an Airplane Coloring Book for Kids Ages 4-12 with 50 + ... | Airplane Coloring Book for Kids 4-6,Alica Poninski Publication,Paperback,"Feb 27, 2021",
0,https://www.amazon.com/dp/9811528357,9811528357,"Malaysian Christians Online: Faith, Experience, and Social Engagement on the Internet",Meng Yoe Tan,Kindle,"Feb 27, 2021",
0,https://www.amazon.com/dp/9811521662,9811521662,National Identity and Social Cohesion in a Time of Geopolitical and Economic Tension: Australia – European Union – Slovenia,Robert Walters,Hardcover,"Feb 27, 2021",
0,https://www.amazon.com/dp/6203463191,6203463191,A PHONOLOGY OF ÈTÙLÓ: A Descriptive Survey,Chibunma Bright-Ajoku,Paperback,"Feb 27, 2021",
0,https://www.amazon.com/dp/6203411272,6203411272,Animal Husbandry and Fisheries Development Schemes in Tamil Nadu: An Evaluation,Selvakumar K. N,Paperback,"Feb 27, 2021",
0,https://www.amazon.com/dp/3837655121,3837655121,"Rivalling Disaster Experiences: The Case of the Seismo-Volcanic Crisis of El Hierro, Canary Islands (Social and Cultural Geography)",Benedikt M. Orlowski,Kindle,"Feb 27, 2021",
0,https://www.amazon.com/dp/1801342148,1801342148,Toddler Potty Training & Discipline (2 in 1): The 7 Day Dirty Diaper Freedom Guide. The Stress Free Parenting Strategies To Raise The Happiest Toddler Around - Guilt Free!,Faye Palmer,Kindle,"Feb 27, 2021",
0,https://www.amazon.com/dp/0367303507,0367303507,Southeast Asia Divided: The Aseanindochina Crisis,Donald E Weatherbee,Kindle,"Feb 27, 2021",
4,https://www.amazon.com/dp/1478011165,1478011165,The World Computer: Derivative Conditions of Racial Capitalism (Thought in the Act),Jonathan Beller,Kindle,"Feb 26, 2021",
0,https://www.amazon.com/dp/3631795041,3631795041,Remediation: Crossing Discursive Boundaries (Spectrum Slovakia),Suwara,Kindle,"Feb 26, 2021",
4,https://www.amazon.com/dp/0826222374,0826222374,The St. Louis African American Community and the Exodusters,Bryan M. Jack,Kindle,"Feb 26, 2021",
5,https://www.amazon.com/dp/3030368203,3030368203,Asian and Asian American Women in Theology and Religion: Embodying Knowledge (Asian Christianity in the Diaspora),Kwok Pui-lan,Kindle,"Feb 26, 2021",
1,https://www.amazon.com/dp/1912808315,1912808315,"Of Humans, Pigs, and Souls: An Essay on the Yagwoia ""Womba"" Complex (Malinowski Monographs)",Jadran Mimica,Paperback,"Feb 26, 2021",
2,https://www.amazon.com/dp/0578852209,0578852209,PAIN: The Accelerator To A Life of Purpose,Melody Kashumba,Kindle,"Feb 26, 2021",
0,https://www.amazon.com/dp/0838948782,0838948782,Going Virtual: Programs and Insights from a Time of Crisis,Sarah Ostman,Kindle,"Feb 26, 2021",
0,https://www.amazon.com/dp/613946448X,613946448X,Chinese Civilization in the Age of Globalization: A Historical and Comparative Exploration,Dr. Guang Xia,Paperback,"Feb 26, 2021",
0,https://www.amazon.com/dp/9354445829,9354445829,"The Constitution, Laws And Government Of England: Vindicated In A Letter To The Reverend Mr. William Higden; On Account Of His View Of The English ... Of The Lawfulness Of Taking The Oaths, &C.",Charles Leslie,Hardcover,"Feb 26, 2021",
0,https://www.amazon.com/dp/9354444121,9354444121,An Historical Account Of The Small-Pox Inoculated In New England,Zabdiel Boylston,Hardcover,"Feb 26, 2021",
0,https://www.amazon.com/dp/1800790643,1800790643,Amongst Women (French Studies of the Eighteenth and Nineteenth Centuries),Alessandroni,Kindle,"Feb 26, 2021",
0,https://www.amazon.com/dp/B08XH2JQBN,B08XH2JQBN,Reading Log Book: Gift for Book Lovers (A reading journal with spacious pages),Tsan-Darko Publications,Paperback,"Feb 26, 2021",
2,https://www.amazon.com/dp/9811532486,9811532486,Linguistic Semiotics (Peking University Linguistics Research),Mingyu Wang,Hardcover,"Feb 26, 2021",
3,https://www.amazon.com/dp/9785769682,9785769682,"The Ogoni of the Eastern Niger Delta: An Economic, Political and Cultural Analysis from Settlement to the Present","Ph.D. Kpone-Tonwe, Sonpie",Paperback,"Feb 26, 2021",
0,https://www.amazon.com/dp/9354446531,9354446531,"The Secret History Of The Calves-Head Club, Or, The Republican Unmask'D: With A Large Continuation, And An Appendix To The History: Wherein Is Fully ... Called Anthems, With Reflections Thereupon",Edward Ward,Hardcover,"Feb 26, 2021",
0,https://www.amazon.com/dp/9354445993,9354445993,"The English Peerage; Or, A View Of The Ancient And Present State Of The English Nobility; To Which Is Subjoined, A Chronological Account Of Such ... The Beginning Of The Year MDCCXC (Volume Ii)",Charles Catton,Paperback,"Feb 26, 2021",
0,https://www.amazon.com/dp/9354445985,9354445985,"The English Peerage; Or, A View Of The Ancient And Present State Of The English Nobility (Volume I)",Charles Catton,Paperback,"Feb 26, 2021",
0,https://www.amazon.com/dp/6203463736,6203463736,Collection Development of Agricultural University Libraries in ICTEra,Rajive Kumar Pateria,Paperback,"Feb 26, 2021",
0,https://www.amazon.com/dp/6203367338,6203367338,Linguistic analysis of innovations in the use of markers,Mark Lopez Chuimbe,Paperback,"Feb 26, 2021",
0,https://www.amazon.com/dp/303036397X,303036397X,Young Men Navigating Contemporary Masculinities (Genders and Sexualities in the Social Sciences),Karla Elliott,Kindle,"Feb 26, 2021",
0,https://www.amazon.com/dp/3030344878,3030344878,"The Architecture of Context and Context-Sensitivity: Perspectives from Philosophy, Linguistics and Logic (Studies in Linguistics and Philosophy)",Tadeusz Ciecierski,Kindle,"Feb 26, 2021",
0,https://www.amazon.com/dp/3030338142,3030338142,Health Policy and Systems Responses to Forced Migration,Kayvan Bozorgmehr,Kindle,"Feb 26, 2021",
1,https://www.amazon.com/dp/1928502156,1928502156,"Refractions of the National, the Popular and the Global in African Cities",Simon Bekker,Kindle,"Feb 26, 2021",
1,https://www.amazon.com/dp/1789975336,1789975336,Sacres Across the Atlantic (Intercultural Studies and Foreign Language Learning),Camilleri,Kindle,"Feb 26, 2021",
0,https://www.amazon.com/dp/1789974860,1789974860,Water and Women in the Victorian Imagination (Cultural Interactions: Studies in the Relationship between the Arts),Laurent,Kindle,"Feb 26, 2021",
0,https://www.amazon.com/dp/0995137838,0995137838,Social Policy Practice and Processes in Aotearoa New Zealand,Graham Hassall,Paperback,"May 3, 2021",
0,https://www.amazon.com/dp/0838948227,0838948227,Mobile Technology in Libraries (Library Technology Reports),David Lee King,Paperback,"Feb 26, 2021",
0,https://www.amazon.com/dp/0271090235,0271090235,Temperance and Cosmopolitanism: African American Reformers in the Atlantic World (Africana Religions),Carole Lynn Stewart,Kindle,"Feb 26, 2021",
4,https://www.amazon.com/dp/1350217700,1350217700,"On Video Games: The Visual Politics of Race, Gender and Space",Soraya Murray,Kindle,"Feb 25, 2021",
0,https://www.amazon.com/dp/036746232X,036746232X,Parenting Across Cultures from Childhood to Adolescence (Studies in Parenting Series),Jennifer E. Lansford,Kindle,"Feb 25, 2021",
1,https://www.amazon.com/dp/0367482223,0367482223,Prosecuting Political Violence: Collaborative Research and Method,Michael Loadenthal,Kindle,"Feb 25, 2021",
1,https://www.amazon.com/dp/192090168X,192090168X,Japan's Ultra-Right (Japanese Society Series),Teresa Castelvetere,Hardcover,"Feb 25, 2021",
0,https://www.amazon.com/dp/0367634635,0367634635,Critical Psychology Praxis (Advances in Theoretical and Philosophical Psychology),Robert Beshara,Kindle,"Feb 25, 2021",
1,https://www.amazon.com/dp/1350229660,1350229660,"Fashion, History, Museums: Inventing the display of dress",Julia Petrov,Hardcover,"Feb 25, 2021",
1,https://www.amazon.com/dp/0755606485,0755606485,Water and Society: Changing Perceptions of Societal and Historical Development,Terje Tvedt,Paperback,"Feb 25, 2021",
0,https://www.amazon.com/dp/1138612545,1138612545,"Methods, Measures, and Theories in Eyewitness Identification Tasks",Andrew M. Smith,Kindle,"Feb 25, 2021",
1,https://www.amazon.com/dp/0999460358,0999460358,"Crime Rate Madness: A SAPIENT Being's Guide to the Color of Crime, Antifa, BLM, SPLC & OSF Impacts on Criminal Justice",Corey Lee Wilson,Kindle,"Feb 25, 2021",
3,https://www.amazon.com/dp/1350227226,1350227226,Uniform: Clothing and Discipline in the Modern World,Jane Tynan,Kindle,"Feb 25, 2021",
1,https://www.amazon.com/dp/1350215430,1350215430,"Disabled Detective, The: Sleuthing Disability in Contemporary Crime Fiction",Susannah B. Mintz,Kindle,"Feb 25, 2021",
1,https://www.amazon.com/dp/1839100141,1839100141,Advanced Introduction to Cities (Elgar Advanced Introductions series),Peter J. Taylor,Hardcover,"Feb 25, 2021",
0,https://www.amazon.com/dp/1501378333,1501378333,"Gender, Collaboration, and Authorship in German Culture: Literary Joint Ventures, 1750-1850 (New Directions in German Studies)",John B. Lyon,Kindle,"Feb 25, 2021",
0,https://www.amazon.com/dp/1350196118,1350196118,From Sodomy Laws to Same-Sex Marriage: International Perspectives since 1789,Sean Brady,Kindle,"Feb 25, 2021",
5,https://www.amazon.com/dp/1350189073,1350189073,"Feminism, Marriage and the Law in Victorian England, 1850-95",Mary Lyndon Shanley,Kindle,"Feb 25, 2021",
3,https://www.amazon.com/dp/8413621895,8413621895,¿Somos nuestro cerebro?: La construcción del sujeto cerebral,Fernando Vidal,Kindle,"Feb 25, 2021",
2,https://www.amazon.com/dp/3030675645,3030675645,Aging and Money: Reducing Risk of Financial Exploitation and Protecting Financial Resources,Ronan M. Factora,Kindle,"Feb 25, 2021",
0,https://www.amazon.com/dp/3030361446,3030361446,University Performance Before and During Economic Crises: An Analysis of Graduate Characteristics (UNIPA Springer Series),Rosalinda Allegro,Hardcover,"Feb 25, 2021",
0,https://www.amazon.com/dp/1501378384,1501378384,"Dangerous Mediations: Pop Music in a Philippine Prison Video (New Approaches to Sound, Music, and Media)",Áine Mangaoang,Kindle,"Feb 25, 2021",
2,https://www.amazon.com/dp/1501365053,1501365053,LEGOfied: Building Blocks as Media,Nicholas Taylor,Kindle,"Feb 25, 2021",
0,https://www.amazon.com/dp/135024449X,135024449X,Acquiring Metaphorical Expressions in a Second Language: Performance by Chinese Learners of English,Chris Mengying Xia,Kindle,"Feb 25, 2021",
0,https://www.amazon.com/dp/1350244481,1350244481,Language Acquisition and the Multilingual Ideal: Exploring Japanese Language Learning Motivation,Toshiyuki Nakamura,Kindle,"Feb 25, 2021",
0,https://www.amazon.com/dp/1350185639,1350185639,Watching Doctor Who: Fan Reception and Evaluation (Who Watching),Paul Booth,Kindle,"Feb 25, 2021",
1,https://www.amazon.com/dp/1350182257,1350182257,"Europe in Love, Love in Europe: Imagination and Politics in Britain Between the Wars (Geographers)",Luisa Passerini,Hardcover,"Feb 25, 2021",
0,https://www.amazon.com/dp/0755638824,0755638824,Freedom of Expression in Islam: Challenging Apostasy and Blasphemy Laws,Muhammad Khalid Masud,Kindle,"Feb 25, 2021",
3,https://www.amazon.com/dp/1119574439,1119574439,Health Communication Theory (Foundations of Communication Theory Series),Teresa L. Thompson,Kindle,"Feb 24, 2021",
1,https://www.amazon.com/dp/1008996505,1008996505,On the Physiological Idiocy of Women,Paul Julius Möbius,Paperback,"Feb 24, 2021",
5,https://www.amazon.com/dp/0998066249,0998066249,Strengthening the Cooperative Community,E.G. Nadeau,Paperback,"Feb 24, 2021",
1,https://www.amazon.com/dp/0197548326,0197548326,Ungoverned and Out of Sight: Public Health and the Political Crisis of Homelessness in the United States,Charley E. Willison,Kindle,"Feb 24, 2021",
0,https://www.amazon.com/dp/935444217X,935444217X,"A Disclosure Of Parochial Abuse, Artifice, & Peculation, In The Town Of Manchester; Which Have Been The Means Of Burthening The Inhabitants With The ... Added, A Book Of County Rates, Shewing The E",Thomas Battye,Hardcover,"Feb 24, 2021",
0,https://www.amazon.com/dp/168179215X,168179215X,Hal and Charlie: The Texas Peterson Brothers Who Risked a Fortune For A Hill Country Foundation,Vicki J Audette,Hardcover,"Feb 24, 2021",
0,https://www.amazon.com/dp/B08XLP7RKQ,B08XLP7RKQ,"Mum's Sudoku Puzzle Book, Over 90 puzzles and solutions from easy to insane: Perfect Mother's Day or birthday gift for the mum or grandma that loves relaxing with sudoku puzzles",Little Rainbow Press,Paperback,"Feb 24, 2021",
0,https://www.amazon.com/dp/9354444229,9354444229,"Some Account Of New Zealand: Particularly The Bay Of Islands, And Surrounding Country",John Savage,Kindle,"Feb 24, 2021",
0,https://www.amazon.com/dp/6203463183,6203463183,Moroccan Women’s Writing: Between Past& Present: Moroccan Women's Writing: Toward a Feminist Paradigm,Bouchra Belgaid,Paperback,"Feb 24, 2021",
0,https://www.amazon.com/dp/6203355682,6203355682,Neuroleadership,Marinell Montes Fuenmayor,Paperback,"Feb 24, 2021",
1,https://www.amazon.com/dp/6200308683,6200308683,Mapping Transference in the Translation of African Literature: With Focus on the Translation of African Literature from French into English,Moses Nunyi Nintai,Paperback,"Feb 24, 2021",
0,https://www.amazon.com/dp/0228005558,0228005558,Who's Coming Out to Play: Disruption and Disorientation in Queer Community Sports,Claire Carter,Kindle,"Feb 24, 2021",
5,https://www.amazon.com/dp/0252085957,0252085957,"""The Useless Mouths"" and Other Literary Writings (Beauvoir Series)",Simone de Beauvoir,Kindle,"Feb 23, 2021",
2,https://www.amazon.com/dp/1517900298,1517900298,Nuclear Suburbs: Cold War Technoscience and the Pittsburgh Renaissance,Patrick Vitale,Kindle,"Feb 23, 2021",
